{
  "/catalog/searchtermautocomplete-131" : {
    "transaction" : "/catalog/searchtermautocomplete-131",
    "sampleCount" : 1,
    "errorCount" : 0,
    "errorPct" : 0.0,
    "meanResTime" : 324.0,
    "medianResTime" : 324.0,
    "minResTime" : 324.0,
    "maxResTime" : 324.0,
    "pct1ResTime" : 324.0,
    "pct2ResTime" : 324.0,
    "pct3ResTime" : 324.0,
    "throughput" : 3.0864197530864197,
    "receivedKBytesPerSec" : 4.885826581790123,
    "sentKBytesPerSec" : 1.2659143518518519
  },
  "/-128" : {
    "transaction" : "/-128",
    "sampleCount" : 1,
    "errorCount" : 0,
    "errorPct" : 0.0,
    "meanResTime" : 3501.0,
    "medianResTime" : 3501.0,
    "minResTime" : 3501.0,
    "maxResTime" : 3501.0,
    "pct1ResTime" : 3501.0,
    "pct2ResTime" : 3501.0,
    "pct3ResTime" : 3501.0,
    "throughput" : 0.2856326763781777,
    "receivedKBytesPerSec" : 1.9190945444158813,
    "sentKBytesPerSec" : 0.09762835618394744
  },
  "/cart-145" : {
    "transaction" : "/cart-145",
    "sampleCount" : 1,
    "errorCount" : 0,
    "errorPct" : 0.0,
    "meanResTime" : 1200.0,
    "medianResTime" : 1200.0,
    "minResTime" : 1200.0,
    "maxResTime" : 1200.0,
    "pct1ResTime" : 1200.0,
    "pct2ResTime" : 1200.0,
    "pct3ResTime" : 1200.0,
    "throughput" : 0.8333333333333334,
    "receivedKBytesPerSec" : 3.92333984375,
    "sentKBytesPerSec" : 0.3409830729166667
  },
  "/apple-macbook-pro-13-inch" : {
    "transaction" : "/apple-macbook-pro-13-inch",
    "sampleCount" : 1,
    "errorCount" : 0,
    "errorPct" : 0.0,
    "meanResTime" : 1274.0,
    "medianResTime" : 1274.0,
    "minResTime" : 1274.0,
    "maxResTime" : 1274.0,
    "pct1ResTime" : 1274.0,
    "pct2ResTime" : 1274.0,
    "pct3ResTime" : 1274.0,
    "throughput" : 0.7849293563579278,
    "receivedKBytesPerSec" : 5.244615875196232,
    "sentKBytesPerSec" : 0.31121222527472525
  },
  "Total" : {
    "transaction" : "Total",
    "sampleCount" : 7,
    "errorCount" : 0,
    "errorPct" : 0.0,
    "meanResTime" : 1169.142857142857,
    "medianResTime" : 1200.0,
    "minResTime" : 295.0,
    "maxResTime" : 3501.0,
    "pct1ResTime" : 3501.0,
    "pct2ResTime" : 3501.0,
    "pct3ResTime" : 3501.0,
    "throughput" : 0.704012873378256,
    "receivedKBytesPerSec" : 2.994804762144222,
    "sentKBytesPerSec" : 0.3410062355425928
  },
  "/search-132" : {
    "transaction" : "/search-132",
    "sampleCount" : 1,
    "errorCount" : 0,
    "errorPct" : 0.0,
    "meanResTime" : 1252.0,
    "medianResTime" : 1252.0,
    "minResTime" : 1252.0,
    "maxResTime" : 1252.0,
    "pct1ResTime" : 1252.0,
    "pct2ResTime" : 1252.0,
    "pct3ResTime" : 1252.0,
    "throughput" : 0.7987220447284344,
    "receivedKBytesPerSec" : 5.083273013178914,
    "sentKBytesPerSec" : 0.3166808107028754
  },
  "/shoppingcart/checkoutattributechange?isEditable=True-147" : {
    "transaction" : "/shoppingcart/checkoutattributechange?isEditable=True-147",
    "sampleCount" : 1,
    "errorCount" : 0,
    "errorPct" : 0.0,
    "meanResTime" : 295.0,
    "medianResTime" : 295.0,
    "minResTime" : 295.0,
    "maxResTime" : 295.0,
    "pct1ResTime" : 295.0,
    "pct2ResTime" : 295.0,
    "pct3ResTime" : 295.0,
    "throughput" : 3.389830508474576,
    "receivedKBytesPerSec" : 5.968617584745763,
    "sentKBytesPerSec" : 2.601959745762712
  },
  "/addproducttocart/details/4/1-142" : {
    "transaction" : "/addproducttocart/details/4/1-142",
    "sampleCount" : 1,
    "errorCount" : 0,
    "errorPct" : 0.0,
    "meanResTime" : 338.0,
    "medianResTime" : 338.0,
    "minResTime" : 338.0,
    "maxResTime" : 338.0,
    "pct1ResTime" : 338.0,
    "pct2ResTime" : 338.0,
    "pct3ResTime" : 338.0,
    "throughput" : 2.9585798816568047,
    "receivedKBytesPerSec" : 5.8015902366863905,
    "sentKBytesPerSec" : 1.979128143491124
  }
}